0,0,4590718574682789923,0,0,0,4607182418800017408,4629137466983448576,4612104455252631676,13825530527313345610,4589610176843308991,4592975097714731205,13808368932600413179,4636737291354636288,0,4636755050505984649,0,4612104455252631676,13808368932600413179
0,4607182418800017408,4590718574682789923,0,0,0,4607182418800017408,4629137466983448576,4616076608110877454,13827710533627613140,4589430145720831106,4591950295609586112,13807191356034981101,4636737291354636288,0,4636755050505984649,0,4616076608110877454,13807191356034981101
4607182418800017408,0,4590718574682789923,0,0,0,4607182418800017408,4629137466983448576,4612671317490133624,4602938983529685467,4589610176843308991,4592975097714731205,13809550459144883217,4636737291354636288,0,4636755050505984649,4598206517817921280,4612104455252631704,13809550459144883217
4607182418800017408,4607182418800017408,4590718574682789923,0,0,0,4607182418800017408,4629137466983448576,4607919715224166242,4599530422722995546,4589289177967379647,4592064928011556560,13808661460239829875,4636737291354636288,0,4636755050505984649,4598206517817921280,4606389562698307396,13808661460239829875
0,0,4590718574682789923,4607182418800017408,4725570615333879808,4725570615333879808,4611686018427387904,4629137466983448576,4615982169021046038,13827624338026297708,4589278214151759497,4591959122277544554,13806901099276839352,4636737291354636288,4613937263025580316,4636543428893183246,4613370400788078400,4607902355638582188,13806901099276839352
0,4607182418800017408,4590718574682789923,4607182418800017408,4725570615333879808,4725570615333879808,4611686018427387904,4629137466983448576,4616076233374398847,13827710384521855074,4589430217176576076,4591950323713712416,13807191591346528301,4636737291354636288,4613937263025580316,4636543428893183246,4613370400788078400,4608090484345287806,13807191591346528301
4607182418800017408,0,4590718574682789923,4607182418800017408,4725570615333879808,4725570615333879808,4611686018427387904,4629137466983448576,4607902355638582232,4599531855174896935,4589278214151759497,4591959122277544554,13808650304941860083,4636737291354636288,4613937263025580316,4636543428893183246,0,4607902355638582232,13808650304941860083
4607182418800017408,4607182418800017408,4590718574682789923,4607182418800017408,4725570615333879808,4725570615333879808,4611686018427387904,4629137466983448576,4607920086852737260,4599530711454499926,4589289255060304286,4592064923984127376,13808661582364295945,4636737291354636288,4613937263025580316,4636543428893183246,0,4607920086852737260,13808661582364295945
0,0,4590718574682789923,4629137466983448576,4747726225605132288,4747726225605132288,4629418941960159232,4629137466983448576,4615971322698293498,13827620218264862274,4589280525051312445,4591963850670320237,13806908317834177737,4636737291354636288,4613921181611109235,4636543932705669938,4613354319373607328,4607912825822019252,13806908317834177737
0,4607182418800017408,4590718574682789923,4629137466983448576,4747726225605132288,4747726225605132288,4629418941960159232,4629137466983448576,4615987492677584651,13827623790934533762,4589290244785093436,4592065284621409696,13806927248982066805,4636737291354636288,4613921181611109235,4636543932705669938,4613354319373607328,4607945165780601558,13806927248982066805
4607182418800017408,0,4590718574682789923,4629137466983448576,4747726225605132288,4747726225605132288,4629418941960159232,4629137466983448576,4607912825822019281,4599540094697767804,4589280525051312445,4591963850670320237,13808653914220529274,4636737291354636288,4613921181611109235,4636543932705669938,0,4607912825822019281,13808653914220529274
4607182418800017408,4607182418800017408,4590718574682789923,4629137466983448576,4747726225605132288,4747726225605132288,4629418941960159232,4629137466983448576,4612443657382166762,4602938884408732776,4589854450842388060,4592625147432662816,13809465284136373614,4636737291354636288,4613921181611109235,4636543932705669938,0,4612443657382166762,13809465284136373614
0,0,4590718574682789923,4629418941960159232,4747907419537932288,4747907419537932288,4629700416936869888,4629137466983448576,4612104455252631676,13825530527313345610,4589610176843308991,4592975097714731205,13808368932600413179,4636737291354636288,0,4636755050505984649,0,4612104455252631676,13808368932600413179
0,4607182418800017408,4590718574682789923,4629418941960159232,4747907419537932288,4747907419537932288,4629700416936869888,4629137466983448576,4612132026099600173,13825621507898947470,4589732586710706568,4592945687869110240,13808496942099561127,4636737291354636288,0,4636755050505984649,0,4612132026099600173,13808496942099561127
4607182418800017408,0,4590718574682789923,4629418941960159232,4747907419537932288,4747907419537932288,4629700416936869888,4629137466983448576,4612671317490133624,4602938983529685467,4589610176843308991,4592975097714731205,13809550459144883217,4636737291354636288,0,4636755050505984649,4598206517817921280,4612104455252631704,13809550459144883217
4607182418800017408,4607182418800017408,4590718574682789923,4629418941960159232,4747907419537932288,4747907419537932288,4629700416936869888,4629137466983448576,4612658311675625336,4602938334727077500,4589647810502432420,4592954543379217536,13809591703488191632,4636737291354636288,0,4636755050505984649,4598206517817921280,4612091449438123416,13809591703488191632
0,0,4590619865649861255,0,13944439052561285120,0,0,4629137466983448576,4612066498870730083,13825534779184837368,4589651208801647309,4592907422061021649,13808413819215955032,4636737291354636288,0,4636754760595493708,0,4612066498870730083,13808413819215955032
0,4607182418800017408,4590619865649861255,0,13944439052561285120,0,0,4629137466983448576,4612093443309421192,13825624826152549521,4589773682479299517,4592878287062303328,13808541963537567526,4636737291354636288,0,4636754760595493708,0,4612093443309421192,13808541963537567526
4607182418800017408,0,4590619865649861255,0,13944439052561285120,0,0,4629137466983448576,4612624130242429304,4602936857593939588,4589651208801647309,4592907422061021649,13809595394317308196,4636737291354636288,0,4636754760595493708,4598090122237723136,4612066498870730072,13809595394317308196
4607182418800017408,4607182418800017408,4590619865649861255,0,13944439052561285120,0,0,4629137466983448576,4612611230652240037,4602936214064104480,4589689152218972597,4592887031933888128,13809636977978823870,4636737291354636288,0,4636754760595493708,4598090122237723136,4612053599280540805,13809636977978823870
0,0,4590619865649861255,4607182418800017408,4721067015706509312,4725570615333879808,4607182418800017408,4629137466983448576,4615951315826770903,13827640305878700829,4589305862990148735,4591883188763468714,13806954369100145318,4636737291354636288,4613937263025580316,4636543147679292215,4613379631653881088,4607822187518426542,13806954369100145318
0,4607182418800017408,4590619865649861255,4607182418800017408,4721067015706509312,4725570615333879808,4607182418800017408,4629137466983448576,4616043700742506387,13827726105943158993,4589458293705268350,4591889229562552736,13807245824237686727,4636737291354636288,4613937263025580316,4636543147679292215,4613379631653881088,4608006957349897510,13807245824237686727
4607182418800017408,0,4590619865649861255,4607182418800017408,4721067015706509312,4725570615333879808,4607182418800017408,4629137466983448576,4607822187518426540,4599499919470090694,4589305862990148735,4591883188763468714,13808676988410396192,4636737291354636288,4613937263025580316,4636543147679292215,0,4607822187518426540,13808676988410396192
4607182418800017408,4607182418800017408,4590619865649861255,4607182418800017408,4721067015706509312,4725570615333879808,4607182418800017408,4629137466983448576,4607838672696841488,4599498331118187065,4589317307254020245,4592004656246941152,13808688656433924847,4636737291354636288,4613937263025580316,4636543147679292215,0,4607838672696841488,13808688656433924847
0,0,4590619865649861255,4629137466983448576,4747635628638732288,4747726225605132288,4629137466983448576,4629137466983448576,4615940441019642394,13827636161406018397,4589308239029511939,4591887947721007002,13806961736713222519,4636737291354636288,4613921181611109235,4636543651471074709,4613363550239410016,4607832600733111668,13806961736713222519
0,4607182418800017408,4590619865649861255,4629137466983448576,4747635628638732288,4747726225605132288,4629137466983448576,4629137466983448576,4615948855496449368,13827636884486880907,4589319583951906312,4592004540579539296,13806984829090606382,4636737291354636288,4613921181611109235,4636543651471074709,4613363550239410016,4607849429686725616,13806984829090606382
4607182418800017408,0,4590619865649861255,4629137466983448576,4747635628638732288,4747726225605132288,4629137466983448576,4629137466983448576,4607832600733111704,4599508208415455558,4589308239029511939,4591887947721007002,13808680672216934792,4636737291354636288,4613921181611109235,4636543651471074709,0,4607832600733111704,13808680672216934792
4607182418800017408,4607182418800017408,4590619865649861255,4629137466983448576,4747635628638732288,4747726225605132288,4629137466983448576,4629137466983448576,4612454390118621011,4602939418847830407,4589843831394316899,4592640466876405856,13809454343923360586,4636737291354636288,4613921181611109235,4636543651471074709,0,4612454390118621011,13809454343923360586
0,0,4590619865649861255,4629418941960159232,4747816822571532288,4747907419537932288,4629418941960159232,4629137466983448576,4612066498870730083,13825534779184837368,4589651208801647309,4592907422061021649,13808413819215955032,4636737291354636288,0,4636754760595493708,0,4612066498870730083,13808413819215955032
0,4607182418800017408,4590619865649861255,4629418941960159232,4747816822571532288,4747907419537932288,4629418941960159232,4629137466983448576,4612093443309421192,13825624826152549521,4589773682479299517,4592878287062303328,13808541963537567526,4636737291354636288,0,4636754760595493708,0,4612093443309421192,13808541963537567526
4607182418800017408,0,4590619865649861255,4629418941960159232,4747816822571532288,4747907419537932288,4629418941960159232,4629137466983448576,4612624130242429304,4602936857593939588,4589651208801647309,4592907422061021649,13809595394317308196,4636737291354636288,0,4636754760595493708,4598090122237723136,4612066498870730072,13809595394317308196
4607182418800017408,4607182418800017408,4590619865649861255,4629418941960159232,4747816822571532288,4747907419537932288,4629418941960159232,4629137466983448576,4612611230652240037,4602936214064104480,4589689152218972597,4592887031933888128,13809636977978823870,4636737291354636288,0,4636754760595493708,4598090122237723136,4612053599280540805,13809636977978823870
0,0,4590529382369676642,0,13948701060278255616,0,0,4629137466983448576,4612031393827924298,13825538707957998212,4589689726271908140,4592844883902968376,13808455956474121222,4636737291354636288,0,4636754494854676376,0,4612031393827924298,13808455956474121222
0,4607182418800017408,4590529382369676642,0,13948701060278255616,0,0,4629137466983448576,4612057765227511273,13825627892063028665,4589812260295645543,4592816026647587328,13808584226871017065,4636737291354636288,0,4636754494854676376,0,4612057765227511273,13808584226871017065
4607182418800017408,0,4590529382369676642,0,13948701060278255616,0,0,4629137466983448576,4612580563239382265,4602934893207359166,4589689726271908140,4592844883902968376,13809637576087703600,4636737291354636288,0,4636754494854676376,4597954730873862656,4612031393827924313,13809637576087703600
4607182418800017408,4607182418800017408,4590529382369676642,0,13948701060278255616,0,0,4629137466983448576,4612567761800971225,4602934254550179581,4589727960482935502,4592824645588172544,13809679478297162510,4636737291354636288,0,4636754494854676376,4597954730873862656,4612018592389513273,13809679478297162510
0,0,4590529382369676642,4607182418800017408,4704985352480227328,4725570615333879808,4607182418800017408,4629137466983448576,4615922849571092401,13827655234743485358,4589331600321796829,4591812932073244955,13807003936863889125,4636737291354636288,4613937263025580316,4636542889910044178,4613388093614122368,4607748331086586978,13807003936863889125
0,4607182418800017408,4590529382369676642,4607182418800017408,4704985352480227328,4725570615333879808,4607182418800017408,4629137466983448576,4616013619512985127,13827740847003534534,4589484510833876592,4591832761935788832,13807296446848058494,4636737291354636288,4613937263025580316,4636542889910044178,4613388093614122368,4607929870970372430,13807296446848058494
4607182418800017408,0,4590529382369676642,4607182418800017408,4704985352480227328,4725570615333879808,4607182418800017408,4629137466983448576,4607748331086586973,4599470061740521635,4589331600321796829,4591812932073244955,13808701816804497310,4636737291354636288,4613937263025580316,4636542889910044178,0,4607748331086586973,13808701816804497310
4607182418800017408,4607182418800017408,4590529382369676642,4607182418800017408,4704985352480227328,4725570615333879808,4607182418800017408,4629137466983448576,4607763512087625709,4599467998674341849,4589343488513722274,4591948963626212800,13808713915518156197,4636737291354636288,4613937263025580316,4636542889910044178,0,4607763512087625709,13808713915518156197
0,0,4590529382369676642,4629137466983448576,4747552581419532288,4747726225605132288,4629137466983448576,4629137466983448576,4615911948132866112,13827651067267380484,4589334038340022990,4591817719475291542,13807011445996859873,4636737291354636288,4613921181611109235,4636543393682848572,4613372012199651296,4607758691039076544,13807011445996859873
0,4607182418800017408,4590529382369676642,4629137466983448576,4747552581419532288,4747726225605132288,4629137466983448576,4629137466983448576,4615919733936330366,13827652018382317342,4589345807014665839,4591948848867765792,13807035361291278762,4636737291354636288,4613921181611109235,4636543393682848572,4613372012199651296,4607774262646005052,13807035361291278762
4607182418800017408,0,4590529382369676642,4629137466983448576,4747552581419532288,4747726225605132288,4629137466983448576,4629137466983448576,4607758691039076584,4599478396692731384,4589334038340022990,4591817719475291542,13808705571370982683,4636737291354636288,4613921181611109235,4636543393682848572,0,4607758691039076584,13808705571370982683
4607182418800017408,4607182418800017408,4590529382369676642,4629137466983448576,4747552581419532288,4747726225605132288,4629137466983448576,4629137466983448576,4612412136267974726,4602937434929110086,4589883839382690370,4592579958727127584,13809495572304790484,4636737291354636288,4613921181611109235,4636543393682848572,0,4612412136267974726,13809495572304790484
0,0,4590529382369676642,4629418941960159232,4747733775352332288,4747907419537932288,4629418941960159232,4629137466983448576,4612031393827924298,13825538707957998212,4589689726271908140,4592844883902968376,13808455956474121222,4636737291354636288,0,4636754494854676376,0,4612031393827924298,13808455956474121222
0,4607182418800017408,4590529382369676642,4629418941960159232,4747733775352332288,4747907419537932288,4629418941960159232,4629137466983448576,4612057765227511273,13825627892063028665,4589812260295645543,4592816026647587328,13808584226871017065,4636737291354636288,0,4636754494854676376,0,4612057765227511273,13808584226871017065
4607182418800017408,0,4590529382369676642,4629418941960159232,4747733775352332288,4747907419537932288,4629418941960159232,4629137466983448576,4612580563239382265,4602934893207359166,4589689726271908140,4592844883902968376,13809637576087703600,4636737291354636288,0,4636754494854676376,4597954730873862656,4612031393827924313,13809637576087703600
4607182418800017408,4607182418800017408,4590529382369676642,4629418941960159232,4747733775352332288,4747907419537932288,4629418941960159232,4629137466983448576,4612567761800971225,4602934254550179581,4589727960482935502,4592824645588172544,13809679478297162510,4636737291354636288,0,4636754494854676376,4597954730873862656,4612018592389513273,13809679478297162510
0,0,4590718574682789923,0,0,0,4607182418800017408,4629137466983448576,4612104455252631676,13825530527313345610,4589610176843308991,4592975097714731205,13808368932600413179,4636737291354636288,0,4636755050505984649,0,4612104455252631676,13808368932600413179
0,4607182418800017408,4590718574682789923,0,0,0,4607182418800017408,4629137466983448576,4616076608110877454,13827710533627613140,4589430145720831106,4591950295609586112,13807191356034981101,4636737291354636288,0,4636755050505984649,0,4616076608110877454,13807191356034981101
4607182418800017408,0,4590718574682789923,0,0,0,4607182418800017408,4629137466983448576,4612671317490133624,4602938983529685467,4589610176843308991,4592975097714731205,13809550459144883217,4636737291354636288,0,4636755050505984649,4598206517817921280,4612104455252631704,13809550459144883217
4607182418800017408,4607182418800017408,4590718574682789923,0,0,0,4607182418800017408,4629137466983448576,4607919715224166242,4599530422722995546,4589289177967379647,4592064928011556560,13808661460239829875,4636737291354636288,0,4636755050505984649,4598206517817921280,4606389562698307396,13808661460239829875
0,0,4590718574682789923,4607182418800017408,4725570615333879808,4725570615333879808,4611686018427387904,4629137466983448576,4615982169021046038,13827624338026297708,4589278214151759497,4591959122277544554,13806901099276839352,4636737291354636288,4613937263025580316,4636543428893183246,4613370400788078400,4607902355638582188,13806901099276839352
0,4607182418800017408,4590718574682789923,4607182418800017408,4725570615333879808,4725570615333879808,4611686018427387904,4629137466983448576,4616076233374398847,13827710384521855074,4589430217176576076,4591950323713712416,13807191591346528301,4636737291354636288,4613937263025580316,4636543428893183246,4613370400788078400,4608090484345287806,13807191591346528301
4607182418800017408,0,4590718574682789923,4607182418800017408,4725570615333879808,4725570615333879808,4611686018427387904,4629137466983448576,4607902355638582232,4599531855174896935,4589278214151759497,4591959122277544554,13808650304941860083,4636737291354636288,4613937263025580316,4636543428893183246,0,4607902355638582232,13808650304941860083
4607182418800017408,4607182418800017408,4590718574682789923,4607182418800017408,4725570615333879808,4725570615333879808,4611686018427387904,4629137466983448576,4607920086852737260,4599530711454499926,4589289255060304286,4592064923984127376,13808661582364295945,4636737291354636288,4613937263025580316,4636543428893183246,0,4607920086852737260,13808661582364295945
0,0,4590718574682789923,4629137466983448576,4747726225605132288,4747726225605132288,4629418941960159232,4629137466983448576,4615971322698293498,13827620218264862274,4589280525051312445,4591963850670320237,13806908317834177737,4636737291354636288,4613921181611109235,4636543932705669938,4613354319373607328,4607912825822019252,13806908317834177737
0,4607182418800017408,4590718574682789923,4629137466983448576,4747726225605132288,4747726225605132288,4629418941960159232,4629137466983448576,4615987492677584651,13827623790934533762,4589290244785093436,4592065284621409696,13806927248982066805,4636737291354636288,4613921181611109235,4636543932705669938,4613354319373607328,4607945165780601558,13806927248982066805
4607182418800017408,0,4590718574682789923,4629137466983448576,4747726225605132288,4747726225605132288,4629418941960159232,4629137466983448576,4607912825822019281,4599540094697767804,4589280525051312445,4591963850670320237,13808653914220529274,4636737291354636288,4613921181611109235,4636543932705669938,0,4607912825822019281,13808653914220529274
4607182418800017408,4607182418800017408,4590718574682789923,4629137466983448576,4747726225605132288,4747726225605132288,4629418941960159232,4629137466983448576,4612443657382166762,4602938884408732776,4589854450842388060,4592625147432662816,13809465284136373614,4636737291354636288,4613921181611109235,4636543932705669938,0,4612443657382166762,13809465284136373614
0,0,4590718574682789923,4629418941960159232,4747907419537932288,4747907419537932288,4629700416936869888,4629137466983448576,4612104455252631676,13825530527313345610,4589610176843308991,4592975097714731205,13808368932600413179,4636737291354636288,0,4636755050505984649,0,4612104455252631676,13808368932600413179
0,4607182418800017408,4590718574682789923,4629418941960159232,4747907419537932288,4747907419537932288,4629700416936869888,4629137466983448576,4612132026099600173,13825621507898947470,4589732586710706568,4592945687869110240,13808496942099561127,4636737291354636288,0,4636755050505984649,0,4612132026099600173,13808496942099561127
4607182418800017408,0,4590718574682789923,4629418941960159232,4747907419537932288,4747907419537932288,4629700416936869888,4629137466983448576,4612671317490133624,4602938983529685467,4589610176843308991,4592975097714731205,13809550459144883217,4636737291354636288,0,4636755050505984649,4598206517817921280,4612104455252631704,13809550459144883217
4607182418800017408,4607182418800017408,4590718574682789923,4629418941960159232,4747907419537932288,4747907419537932288,4629700416936869888,4629137466983448576,4612658311675625336,4602938334727077500,4589647810502432420,4592954543379217536,13809591703488191632,4636737291354636288,0,4636755050505984649,4598206517817921280,4612091449438123416,13809591703488191632
0,0,4590619865649861255,0,13944439052561285120,0,0,4629137466983448576,4612066498870730083,13825534779184837368,4589651208801647309,4592907422061021649,13808413819215955032,4636737291354636288,0,4636754760595493708,0,4612066498870730083,13808413819215955032
0,4607182418800017408,4590619865649861255,0,13944439052561285120,0,0,4629137466983448576,4612093443309421192,13825624826152549521,4589773682479299517,4592878287062303328,13808541963537567526,4636737291354636288,0,4636754760595493708,0,4612093443309421192,13808541963537567526
4607182418800017408,0,4590619865649861255,0,13944439052561285120,0,0,4629137466983448576,4612624130242429304,4602936857593939588,4589651208801647309,4592907422061021649,13809595394317308196,4636737291354636288,0,4636754760595493708,4598090122237723136,4612066498870730072,13809595394317308196
4607182418800017408,4607182418800017408,4590619865649861255,0,13944439052561285120,0,0,4629137466983448576,4612611230652240037,4602936214064104480,4589689152218972597,4592887031933888128,13809636977978823870,4636737291354636288,0,4636754760595493708,4598090122237723136,4612053599280540805,13809636977978823870
0,0,4590619865649861255,4607182418800017408,4721067015706509312,4725570615333879808,4607182418800017408,4629137466983448576,4615951315826770903,13827640305878700829,4589305862990148735,4591883188763468714,13806954369100145318,4636737291354636288,4613937263025580316,4636543147679292215,4613379631653881088,4607822187518426542,13806954369100145318
0,4607182418800017408,4590619865649861255,4607182418800017408,4721067015706509312,4725570615333879808,4607182418800017408,4629137466983448576,4616043700742506387,13827726105943158993,4589458293705268350,4591889229562552736,13807245824237686727,4636737291354636288,4613937263025580316,4636543147679292215,4613379631653881088,4608006957349897510,13807245824237686727
4607182418800017408,0,4590619865649861255,4607182418800017408,4721067015706509312,4725570615333879808,4607182418800017408,4629137466983448576,4607822187518426540,4599499919470090694,4589305862990148735,4591883188763468714,13808676988410396192,4636737291354636288,4613937263025580316,4636543147679292215,0,4607822187518426540,13808676988410396192
4607182418800017408,4607182418800017408,4590619865649861255,4607182418800017408,4721067015706509312,4725570615333879808,4607182418800017408,4629137466983448576,4607838672696841488,4599498331118187065,4589317307254020245,4592004656246941152,13808688656433924847,4636737291354636288,4613937263025580316,4636543147679292215,0,4607838672696841488,13808688656433924847
0,0,4590619865649861255,4629137466983448576,4747635628638732288,4747726225605132288,4629137466983448576,4629137466983448576,4615940441019642394,13827636161406018397,4589308239029511939,4591887947721007002,13806961736713222519,4636737291354636288,4613921181611109235,4636543651471074709,4613363550239410016,4607832600733111668,13806961736713222519
0,4607182418800017408,4590619865649861255,4629137466983448576,4747635628638732288,4747726225605132288,4629137466983448576,4629137466983448576,4615948855496449368,13827636884486880907,4589319583951906312,4592004540579539296,13806984829090606382,4636737291354636288,4613921181611109235,4636543651471074709,4613363550239410016,4607849429686725616,13806984829090606382
4607182418800017408,0,4590619865649861255,4629137466983448576,4747635628638732288,4747726225605132288,4629137466983448576,4629137466983448576,4607832600733111704,4599508208415455558,4589308239029511939,4591887947721007002,13808680672216934792,4636737291354636288,4613921181611109235,4636543651471074709,0,4607832600733111704,13808680672216934792
4607182418800017408,4607182418800017408,4590619865649861255,4629137466983448576,4747635628638732288,4747726225605132288,4629137466983448576,4629137466983448576,4612454390118621011,4602939418847830407,4589843831394316899,4592640466876405856,13809454343923360586,4636737291354636288,4613921181611109235,4636543651471074709,0,4612454390118621011,13809454343923360586
0,0,4590619865649861255,4629418941960159232,4747816822571532288,4747907419537932288,4629418941960159232,4629137466983448576,4612066498870730083,13825534779184837368,4589651208801647309,4592907422061021649,13808413819215955032,4636737291354636288,0,4636754760595493708,0,4612066498870730083,13808413819215955032
0,4607182418800017408,4590619865649861255,4629418941960159232,4747816822571532288,4747907419537932288,4629418941960159232,4629137466983448576,4612093443309421192,13825624826152549521,4589773682479299517,4592878287062303328,13808541963537567526,4636737291354636288,0,4636754760595493708,0,4612093443309421192,13808541963537567526
4607182418800017408,0,4590619865649861255,4629418941960159232,4747816822571532288,4747907419537932288,4629418941960159232,4629137466983448576,4612624130242429304,4602936857593939588,4589651208801647309,4592907422061021649,13809595394317308196,4636737291354636288,0,4636754760595493708,4598090122237723136,4612066498870730072,13809595394317308196
4607182418800017408,4607182418800017408,4590619865649861255,4629418941960159232,4747816822571532288,4747907419537932288,4629418941960159232,4629137466983448576,4612611230652240037,4602936214064104480,4589689152218972597,4592887031933888128,13809636977978823870,4636737291354636288,0,4636754760595493708,4598090122237723136,4612053599280540805,13809636977978823870
0,0,4590529382369676642,0,13948701060278255616,0,0,4629137466983448576,4612031393827924298,13825538707957998212,4589689726271908140,4592844883902968376,13808455956474121222,4636737291354636288,0,4636754494854676376,0,4612031393827924298,13808455956474121222
0,4607182418800017408,4590529382369676642,0,13948701060278255616,0,0,4629137466983448576,4612057765227511273,13825627892063028665,4589812260295645543,4592816026647587328,13808584226871017065,4636737291354636288,0,4636754494854676376,0,4612057765227511273,13808584226871017065
4607182418800017408,0,4590529382369676642,0,13948701060278255616,0,0,4629137466983448576,4612580563239382265,4602934893207359166,4589689726271908140,4592844883902968376,13809637576087703600,4636737291354636288,0,4636754494854676376,4597954730873862656,4612031393827924313,13809637576087703600
4607182418800017408,4607182418800017408,4590529382369676642,0,13948701060278255616,0,0,4629137466983448576,4612567761800971225,4602934254550179581,4589727960482935502,4592824645588172544,13809679478297162510,4636737291354636288,0,4636754494854676376,4597954730873862656,4612018592389513273,13809679478297162510
0,0,4590529382369676642,4607182418800017408,4704985352480227328,4725570615333879808,4607182418800017408,4629137466983448576,4615922849571092401,13827655234743485358,4589331600321796829,4591812932073244955,13807003936863889125,4636737291354636288,4613937263025580316,4636542889910044178,4613388093614122368,4607748331086586978,13807003936863889125
0,4607182418800017408,4590529382369676642,4607182418800017408,4704985352480227328,4725570615333879808,4607182418800017408,4629137466983448576,4616013619512985127,13827740847003534534,4589484510833876592,4591832761935788832,13807296446848058494,4636737291354636288,4613937263025580316,4636542889910044178,4613388093614122368,4607929870970372430,13807296446848058494
4607182418800017408,0,4590529382369676642,4607182418800017408,4704985352480227328,4725570615333879808,4607182418800017408,4629137466983448576,4607748331086586973,4599470061740521635,4589331600321796829,4591812932073244955,13808701816804497310,4636737291354636288,4613937263025580316,4636542889910044178,0,4607748331086586973,13808701816804497310
4607182418800017408,4607182418800017408,4590529382369676642,4607182418800017408,4704985352480227328,4725570615333879808,4607182418800017408,4629137466983448576,4607763512087625709,4599467998674341849,4589343488513722274,4591948963626212800,13808713915518156197,4636737291354636288,4613937263025580316,4636542889910044178,0,4607763512087625709,13808713915518156197
0,0,4590529382369676642,4629137466983448576,4747552581419532288,4747726225605132288,4629137466983448576,4629137466983448576,4615911948132866112,13827651067267380484,4589334038340022990,4591817719475291542,13807011445996859873,4636737291354636288,4613921181611109235,4636543393682848572,4613372012199651296,4607758691039076544,13807011445996859873
0,4607182418800017408,4590529382369676642,4629137466983448576,4747552581419532288,4747726225605132288,4629137466983448576,4629137466983448576,4615919733936330366,13827652018382317342,4589345807014665839,4591948848867765792,13807035361291278762,4636737291354636288,4613921181611109235,4636543393682848572,4613372012199651296,4607774262646005052,13807035361291278762
4607182418800017408,0,4590529382369676642,4629137466983448576,4747552581419532288,4747726225605132288,4629137466983448576,4629137466983448576,4607758691039076584,4599478396692731384,4589334038340022990,4591817719475291542,13808705571370982683,4636737291354636288,4613921181611109235,4636543393682848572,0,4607758691039076584,13808705571370982683
4607182418800017408,4607182418800017408,4590529382369676642,4629137466983448576,4747552581419532288,4747726225605132288,4629137466983448576,4629137466983448576,4612412136267974726,4602937434929110086,4589883839382690370,4592579958727127584,13809495572304790484,4636737291354636288,4613921181611109235,4636543393682848572,0,4612412136267974726,13809495572304790484
0,0,4590529382369676642,4629418941960159232,4747733775352332288,4747907419537932288,4629418941960159232,4629137466983448576,4612031393827924298,13825538707957998212,4589689726271908140,4592844883902968376,13808455956474121222,4636737291354636288,0,4636754494854676376,0,4612031393827924298,13808455956474121222
0,4607182418800017408,4590529382369676642,4629418941960159232,4747733775352332288,4747907419537932288,4629418941960159232,4629137466983448576,4612057765227511273,13825627892063028665,4589812260295645543,4592816026647587328,13808584226871017065,4636737291354636288,0,4636754494854676376,0,4612057765227511273,13808584226871017065
4607182418800017408,0,4590529382369676642,4629418941960159232,4747733775352332288,4747907419537932288,4629418941960159232,4629137466983448576,4612580563239382265,4602934893207359166,4589689726271908140,4592844883902968376,13809637576087703600,4636737291354636288,0,4636754494854676376,4597954730873862656,4612031393827924313,13809637576087703600
4607182418800017408,4607182418800017408,4590529382369676642,4629418941960159232,4747733775352332288,4747907419537932288,4629418941960159232,4629137466983448576,4612567761800971225,4602934254550179581,4589727960482935502,4592824645588172544,13809679478297162510,4636737291354636288,0,4636754494854676376,4597954730873862656,4612018592389513273,13809679478297162510
0,0,4590710348930045868,0,0,0,4607182418800017408,4629137466983448576,4612101305568801907,13825530880298786734,4589613557814979999,4592969479582306657,13808372631133045423,4636737291354636288,0,4636755026346322015,0,4612101305568801907,13808372631133045423
0,4607182418800017408,4590710348930045868,0,0,0,4607182418800017408,4629137466983448576,4616073908219736398,13827711829940261447,4589432465074611654,4591945218360163584,13807195836842608514,4636737291354636288,0,4636755026346322015,0,4616073908219736398,13807195836842608514
4607182418800017408,0,4590710348930045868,0,0,0,4607182418800017408,4629137466983448576,4612667398581975983,4602938807036964905,4589613557814979999,4592969479582306657,13809554161723846172,4636737291354636288,0,4636755026346322015,4598200364023298304,4612101305568801935,13809554161723846172
4607182418800017408,4607182418800017408,4590710348930045868,0,0,0,4607182418800017408,4629137466983448576,4607912953469547756,4599527751754141873,4589291495610147790,4592059924849499648,13808663697423983020,4636737291354636288,0,4636755026346322015,4598200364023298304,4606379116086381912,13808663697423983020
0,0,4590710348930045868,4607182418800017408,4725570615333879808,4725570615333879808,4607182418800017408,4629137466983448576,4615979605852341939,13827625656280352888,4589280501372352373,4591952822326363039,13806905506761429329,4636737291354636288,4613937263025580316,4636543405458250921,4613371170012406272,4607895690852518246,13806905506761429329
0,4607182418800017408,4590710348930045868,4607182418800017408,4725570615333879808,4725570615333879808,4607182418800017408,4629137466983448576,4616073533473453749,13827711680733753664,4589432536649254588,4591945246465974368,13807196072448636217,4636737291354636288,4613937263025580316,4636543405458250921,4613371170012406272,4608083546094741866,13807196072448636217
4607182418800017408,0,4590710348930045868,4607182418800017408,4725570615333879808,4725570615333879808,4607182418800017408,4629137466983448576,4607895690852518199,4599529218666786576,4589280501372352373,4591952822326363039,13808652512730485781,4636737291354636288,4613937263025580316,4636543405458250921,0,4607895690852518199,13808652512730485781
4607182418800017408,4607182418800017408,4590710348930045868,4607182418800017408,4725570615333879808,4725570615333879808,4607182418800017408,4629137466983448576,4607913325078160073,4599528040681595144,4589291572828064619,4592059920824891504,13808663819701598197,4636737291354636288,4613937263025580316,4636543405458250921,0,4607913325078160073,13808663819701598197
0,0,4590710348930045868,4629137466983448576,4747718675857932288,4747718675857932288,4629137466983448576,4629137466983448576,4615968757178017079,13827621534474730517,4589282817604787626,4591957553247885923,13806912737534273295,4636737291354636288,4613921181611109235,4636543909269012231,4613355088597935200,4607906156332810670,13806912737534273295
0,4607182418800017408,4590710348930045868,4629137466983448576,4747718675857932288,4747718675857932288,4629137466983448576,4629137466983448576,4615984871066677875,13827625121402649672,4589292565958153658,4592060280571710880,13806931724706707205,4636737291354636288,4613921181611109235,4636543909269012231,4613355088597935200,4607938384110132262,13806931724706707205
4607182418800017408,0,4590710348930045868,4629137466983448576,4747718675857932288,4747718675857932288,4629137466983448576,4629137466983448576,4607906156332810723,4599537462278031318,4589282817604787626,4591957553247885923,13808656128116907764,4636737291354636288,4613921181611109235,4636543909269012231,0,4607906156332810723,13808656128116907764
4607182418800017408,4607182418800017408,4590710348930045868,4629137466983448576,4747718675857932288,4747718675857932288,4629137466983448576,4629137466983448576,4612439898631926062,4602938707973931911,4589857998664106751,4592619765715041472,13809468940176823275,4636737291354636288,4613921181611109235,4636543909269012231,0,4612439898631926062,13809468940176823275
0,0,4590710348930045868,4629418941960159232,4747899869790732288,4747899869790732288,4629418941960159232,4629137466983448576,4612101305568801907,13825530880298786734,4589613557814979999,4592969479582306657,13808372631133045423,4636737291354636288,0,4636755026346322015,0,4612101305568801907,13808372631133045423
0,4607182418800017408,4590710348930045868,4629418941960159232,4747899869790732288,4747899869790732288,4629418941960159232,4629137466983448576,4612128824165137364,13825621783384664721,4589735972921447477,4592940092540076928,13808500651761855007,4636737291354636288,0,4636755026346322015,0,4612128824165137364,13808500651761855007
4607182418800017408,0,4590710348930045868,4629418941960159232,4747899869790732288,4747899869790732288,4629418941960159232,4629137466983448576,4612667398581975983,4602938807036964905,4589613557814979999,4592969479582306657,13809554161723846172,4636737291354636288,0,4636755026346322015,4598200364023298304,4612101305568801935,13809554161723846172
4607182418800017408,4607182418800017408,4590710348930045868,4629418941960159232,4747899869790732288,4747899869790732288,4629418941960159232,4629137466983448576,4612654401586112970,4602938158672072109,4589651216996959999,4592948938875649280,13809595434025468238,4636737291354636288,0,4636755026346322015,4598200364023298304,4612088308572938922,13809595434025468238
0,0,4590611639897117199,0,13944439052561285120,0,0,4629137466983448576,4612063319933719806,13825535135100802712,4589654674089766629,4592901756798856777,13808417610111362209,4636737291354636288,0,4636754736436823916,0,4612063319933719806,13808417610111362209
0,4607182418800017408,4590611639897117199,0,13944439052561285120,0,0,4629137466983448576,4612090212231294534,13825625103907454974,4589777153179012144,4592872644823471392,13808545765794588936,4636737291354636288,0,4636754736436823916,0,4612090212231294534,13808545765794588936
4607182418800017408,0,4590611639897117199,0,13944439052561285120,0,0,4629137466983448576,4612620182049478534,4602936679635956916,4589654674089766629,4592901756798856777,13809599189259212375,4636737291354636288,0,4636754736436823916,4598077814142675456,4612063319933719782,13809599189259212375
4607182418800017408,4607182418800017408,4590611639897117199,0,13944439052561285120,0,0,4629137466983448576,4612607291351092653,4602936036547524554,4589692643668127285,4592881380421491776,13809640801578498699,4636737291354636288,0,4636754736436823916,4598077814142675456,4612050429235333901,13809640801578498699
0,0,4590611639897117199,4607182418800017408,4721067015706509312,4725570615333879808,4607182418800017408,4629137466983448576,4615948735305555054,13827641651367076846,4589308187113534346,4591876827772128329,13806958845922210923,4636737291354636288,4613937263025580316,4636543124245322950,4613380400909821568,4607815487964113884,13806958845922210923
0,4607182418800017408,4590611639897117199,4607182418800017408,4721067015706509312,4725570615333879808,4607182418800017408,4629137466983448576,4616040976401732892,13827727432720940855,4589460657584321662,4591884116985801472,13807250389376195011,4636737291354636288,4613937263025580316,4636543124245322950,4613380400909821568,4607999970156469560,13807250389376195011
4607182418800017408,0,4590611639897117199,4607182418800017408,4721067015706509312,4725570615333879808,4607182418800017408,4629137466983448576,4607815487964113801,4599497228493338659,4589308187113534346,4591876827772128329,13808679230867925996,4636737291354636288,4613937263025580316,4636543124245322950,0,4607815487964113801,13808679230867925996
4607182418800017408,4607182418800017408,4590611639897117199,4607182418800017408,4721067015706509312,4725570615333879808,4607182418800017408,4629137466983448576,4607831861089374482,4599495599711046765,4589319668714629568,4591999611115087024,13808690935087938221,4636737291354636288,4613937263025580316,4636543124245322950,0,4607831861089374482,13808690935087938221
0,0,4590611639897117199,4629137466983448576,4747628078891532288,4747718675857932288,4629137466983448576,4629137466983448576,4615937858098260432,13827637504817171176,4589310568696001706,4591881589298531534,13806966226204024187,4636737291354636288,4613921181611109235,4636543628035380133,4613364319495350496,4607825896378466784,13806966226204024187
0,4607182418800017408,4590611639897117199,4629137466983448576,4747628078891532288,4747718675857932288,4629137466983448576,4629137466983448576,4615946218657296634,13827638247282145096,4589321949158185335,4591999495530040000,13806989387548579144,4636737291354636288,4613921181611109235,4636543628035380133,4613364319495350496,4607842617496539188,13806989387548579144
4607182418800017408,0,4590611639897117199,4629137466983448576,4747628078891532288,4747718675857932288,4629137466983448576,4629137466983448576,4607825896378466746,4599505521593150001,4589310568696001706,4591881589298531534,13808682921008832628,4636737291354636288,4613921181611109235,4636543628035380133,0,4607825896378466746,13808682921008832628
4607182418800017408,4607182418800017408,4590611639897117199,4629137466983448576,4747628078891532288,4747718675857932288,4629137466983448576,4629137466983448576,4612450560900225735,4602939239120360785,4589847430780221570,4592634985514944608,13809458053091582450,4636737291354636288,4613921181611109235,4636543628035380133,0,4612450560900225735,13809458053091582450
0,0,4590611639897117199,4629418941960159232,4747809272824332288,4747899869790732288,4629418941960159232,4629137466983448576,4612063319933719806,13825535135100802712,4589654674089766629,4592901756798856777,13808417610111362209,4636737291354636288,0,4636754736436823916,0,4612063319933719806,13808417610111362209
0,4607182418800017408,4590611639897117199,4629418941960159232,4747809272824332288,4747899869790732288,4629418941960159232,4629137466983448576,4612090212231294534,13825625103907454974,4589777153179012144,4592872644823471392,13808545765794588936,4636737291354636288,0,4636754736436823916,0,4612090212231294534,13808545765794588936
4607182418800017408,0,4590611639897117199,4629418941960159232,4747809272824332288,4747899869790732288,4629418941960159232,4629137466983448576,4612620182049478534,4602936679635956916,4589654674089766629,4592901756798856777,13809599189259212375,4636737291354636288,0,4636754736436823916,4598077814142675456,4612063319933719782,13809599189259212375
4607182418800017408,4607182418800017408,4590611639897117199,4629418941960159232,4747809272824332288,4747899869790732288,4629418941960159232,4629137466983448576,4612607291351092653,4602936036547524554,4589692643668127285,4592881380421491776,13809640801578498699,4636737291354636288,0,4636754736436823916,4598077814142675456,4612050429235333901,13809640801578498699
0,0,4590521156616932587,0,13948701060278255616,0,0,4629137466983448576,4612028187429071614,13825539066624947092,4589693271980056503,4592839174402038904,13808459835464637300,4636737291354636288,0,4636754470696916654,0,4612028187429071614,13808459835464637300
0,4607182418800017408,4590521156616932587,0,13948701060278255616,0,0,4629137466983448576,4612054506790659600,13825628171948126697,4589815811580313674,4592810346993080608,13808588117444146222,4636737291354636288,0,4636754470696916654,0,4612054506790659600,13808588117444146222
4607182418800017408,0,4590521156616932587,0,13948701060278255616,0,0,4629137466983448576,4612576587555609731,4602934713873884726,4589693271980056503,4592839174402038904,13809641459124869121,4636737291354636288,0,4636754470696916654,4597942422315145216,4612028187429071619,13809641459124869121
4607182418800017408,4607182418800017408,4590521156616932587,0,13948701060278255616,0,0,4629137466983448576,4612563795077679773,4602934075661568740,4589731532960821461,4592818949950451808,13809683390659243822,4636737291354636288,0,4636754470696916654,4597942422315145216,4612015394951141661,13809683390659243822
0,0,4590521156616932587,4607182418800017408,4704985352480227328,4725570615333879808,4607182418800017408,4629137466983448576,4615920252903256789,13827656606089622658,4589333958959985197,4591806513664910158,13807008478437287824,4636737291354636288,4613937263025580316,4636542866476957683,4613388862899042208,4607741599181076074,13807008478437287824
0,4607182418800017408,4590521156616932587,4607182418800017408,4704985352480227328,4725570615333879808,4607182418800017408,4629137466983448576,4616010872344054787,13827742203197970646,4589486917556647542,4591827604487410656,13807301093076612705,4636737291354636288,4613937263025580316,4636542866476957683,4613388862899042208,4607922838062672070,13807301093076612705
4607182418800017408,0,4590521156616932587,4607182418800017408,4704985352480227328,4725570615333879808,4607182418800017408,4629137466983448576,4607741599181076047,4599467319048247036,4589333958959985197,4591806513664910158,13808704091637846100,4636737291354636288,4613937263025580316,4636542866476957683,0,4607741599181076047,13808704091637846100
4607182418800017408,4607182418800017408,4590521156616932587,4607182418800017408,4704985352480227328,4725570615333879808,4607182418800017408,4629137466983448576,4607756653699461397,4599465209479625721,4589345891225730965,4591943879096530336,13808716233144964235,4636737291354636288,4613937263025580316,4636542866476957683,0,4607756653699461397,13808716233144964235
0,0,4590521156616932587,4629137466983448576,4747545031672332288,4747718675857932288,4629137466983448576,4629137466983448576,4615909349018726127,13827652436505393330,4589336402724063674,4591811303673352598,13807016000675540265,4636737291354636288,4613921181611109235,4636543370248036831,4613372781484571136,4607751954240956894,13807016000675540265
0,4607182418800017408,4590521156616932587,4629137466983448576,4747545031672332288,4747718675857932288,4629137466983448576,4629137466983448576,4615917073733635565,13827653410003875638,4589348213593513667,4591943764421058688,13807039997973689991,4636737291354636288,4613921181611109235,4636543370248036831,4613372781484571136,4607767403670775770,13807039997973689991
4607182418800017408,0,4590521156616932587,4629137466983448576,4747545031672332288,4747718675857932288,4629137466983448576,4629137466983448576,4607751954240956920,4599475658216705691,4589336402724063674,4591811303673352598,13808707852756972321,4636737291354636288,4613921181611109235,4636543370248036831,0,4607751954240956920,13808707852756972321
4607182418800017408,4607182418800017408,4590521156616932587,4629137466983448576,4747545031672332288,4747718675857932288,4629137466983448576,4629137466983448576,4612408280448930679,4602937253812536581,4589887522298767368,4592574434553052416,13809499367578737035,4636737291354636288,4613921181611109235,4636543370248036831,0,4612408280448930679,13809499367578737035
0,0,4590521156616932587,4629418941960159232,4747726225605132288,4747899869790732288,4629418941960159232,4629137466983448576,4612028187429071614,13825539066624947092,4589693271980056503,4592839174402038904,13808459835464637300,4636737291354636288,0,4636754470696916654,0,4612028187429071614,13808459835464637300
0,4607182418800017408,4590521156616932587,4629418941960159232,4747726225605132288,4747899869790732288,4629418941960159232,4629137466983448576,4612054506790659600,13825628171948126697,4589815811580313674,4592810346993080608,13808588117444146222,4636737291354636288,0,4636754470696916654,0,4612054506790659600,13808588117444146222
4607182418800017408,0,4590521156616932587,4629418941960159232,4747726225605132288,4747899869790732288,4629418941960159232,4629137466983448576,4612576587555609731,4602934713873884726,4589693271980056503,4592839174402038904,13809641459124869121,4636737291354636288,0,4636754470696916654,4597942422315145216,4612028187429071619,13809641459124869121
4607182418800017408,4607182418800017408,4590521156616932587,4629418941960159232,4747726225605132288,4747899869790732288,4629418941960159232,4629137466983448576,4612563795077679773,4602934075661568740,4589731532960821461,4592818949950451808,13809683390659243822,4636737291354636288,0,4636754470696916654,4597942422315145216,4612015394951141661,13809683390659243822
0,0,4590726800435533979,0,0,0,4607182418800017408,4629137466983448576,4612107602531008150,13825530174568882296,4589606802743281246,4592980711971488506,13808365241595157121,4636737291354636288,0,4636755074665730022,0,4612107602531008150,13808365241595157121
0,4607182418800017408,4590726800435533979,0,0,0,4607182418800017408,4629137466983448576,4616079305992362774,13827709239806862560,4589427830005095007,4591955373452538176,13807186882115305870,4636737291354636288,0,4636755074665730022,0,4616079305992362774,13807186882115305870
4607182418800017408,0,4590726800435533979,0,0,0,4607182418800017408,4629137466983448576,4612675233990203651,4602939159901917124,4589606802743281246,4592980711971488506,13809546764093310305,4636737291354636288,0,4636755074665730022,4598212671591469824,4612107602531008163,13809546764093310305
4607182418800017408,4607182418800017408,4590726800435533979,0,0,0,4607182418800017408,4629137466983448576,4607926472881066324,4599533088747694603,4589286863905346857,4592069927722030816,13808659226443291226,4636737291354636288,0,4636755074665730022,4598212671591469824,4606400001125333288,13808659226443291226
0,0,4590726800435533979,4607182418800017408,4725570615333879808,4725570615333879808,4611686018427387904,4629137466983448576,4615984730755887710,13827623021997438438,4589275929971274696,4591965417215118087,13806896697509117995,4636737291354636288,4613937263025580316,4636543452328195828,4613369631566384832,4607909017551652668,13806896697509117995
0,4607182418800017408,4590726800435533979,4607182418800017408,4725570615333879808,4725570615333879808,4611686018427387904,4629137466983448576,4616078931265681737,13827709090801649204,4589427901342278164,4591955404028188192,13807187117133155861,4636737291354636288,4613937263025580316,4636543452328195828,4613369631566384832,4608097418571240722,13807187117133155861
4607182418800017408,0,4590726800435533979,4607182418800017408,4725570615333879808,4725570615333879808,4611686018427387904,4629137466983448576,4607909017551652696,4599534487232615475,4589275929971274696,4591965417215118087,13808648100011682550,4636737291354636288,4613937263025580316,4636543452328195828,0,4607909017551652696,13808648100011682550
4607182418800017408,4607182418800017408,4590726800435533979,4607182418800017408,4725570615333879808,4725570615333879808,4611686018427387904,4629137466983448576,4607926844529582942,4599533377283648364,4589286940873631929,4592069923691781616,13808659348415015140,4636737291354636288,4613937263025580316,4636543452328195828,0,4607926844529582942,13808659348415015140
0,0,4590726800435533979,4629137466983448576,4747733775352332288,4747733775352332288,4629418941960159232,4629137466983448576,4615973513442331448,13827618762425462555,4589278314845019336,4591970305681250689,13806904151877860220,4636737291354636288,4613920627762954450,4636543973493902219,4613352996303758976,4607919853449791856,13806904151877860220
0,4607182418800017408,4590726800435533979,4629137466983448576,4747733775352332288,4747733775352332288,4629418941960159232,4629137466983448576,4615982576613857650,13827619254781979750,4589289246592324995,4592069802938199936,13806926443660074269,4636737291354636288,4613920627762954450,4636543973493902219,4613352996303758976,4607937979792844260,13806926443660074269
4607182418800017408,0,4590726800435533979,4629137466983448576,4747733775352332288,4747733775352332288,4629418941960159232,4629137466983448576,4607919853449791927,4599543006376567242,4589278314845019336,4591970305681250689,13808651827196053663,4636737291354636288,4613920627762954450,4636543973493902219,0,4607919853449791927,13808651827196053663
4607182418800017408,4607182418800017408,4590726800435533979,4629137466983448576,4747733775352332288,4747733775352332288,4629418941960159232,4629137466983448576,4612503967182289256,4602941743641784933,4589797693946711106,4592711398100974976,13809406827745884772,4636737291354636288,4613920627762954450,4636543973493902219,0,4612503967182289256,13809406827745884772
0,0,4590726800435533979,4629418941960159232,4747914969285132288,4747914969285132288,4629700416936869888,4629137466983448576,4612107602531008150,13825530174568882296,4589606802743281246,4592980711971488506,13808365241595157121,4636737291354636288,0,4636755074665730022,0,4612107602531008150,13808365241595157121
0,4607182418800017408,4590726800435533979,4629418941960159232,4747914969285132288,4747914969285132288,4629700416936869888,4629137466983448576,4612135225637600953,13825621232599825716,4589729207385650924,4592951279340620000,13808493239983560521,4636737291354636288,0,4636755074665730022,0,4612135225637600953,13808493239983560521
4607182418800017408,0,4590726800435533979,4629418941960159232,4747914969285132288,4747914969285132288,4629700416936869888,4629137466983448576,4612675233990203651,4602939159901917124,4589606802743281246,4592980711971488506,13809546764093310305,4636737291354636288,0,4636755074665730022,4598212671591469824,4612107602531008163,13809546764093310305
4607182418800017408,4607182418800017408,4590726800435533979,4629418941960159232,4747914969285132288,4747914969285132288,4629700416936869888,4629137466983448576,4612662219363064425,4602938510661896455,4589644410931557396,4592960144017071648,13809587980535305823,4636737291354636288,0,4636755074665730022,4598212671591469824,4612094587903868937,13809587980535305823
0,0,4590628091402605311,0,13944439052561285120,0,0,4629137466983448576,4612069675342257683,13825534423515855298,4589647750673354606,4592913083351264282,13808410036163662307,4636737291354636288,0,4636754784754246236,0,4612069675342257683,13808410036163662307
0,4607182418800017408,4590628091402605311,0,13944439052561285120,0,0,4629137466983448576,4612096671931307698,13825624548588890832,4589770218954080964,4592883925347688576,13808538169143345576,4636737291354636288,0,4636754784754246236,0,4612096671931307698,13808538169143345576
4607182418800017408,0,4590628091402605311,0,13944439052561285120,0,0,4629137466983448576,4612628075967262986,4602937035428430623,4589647750673354606,4592913083351264282,13809591607218532327,4636737291354636288,0,4636754784754246236,4598102430290620416,4612069675342257674,13809591607218532327
4607182418800017408,4607182418800017408,4590628091402605311,0,13944439052561285120,0,0,4629137466983448576,4612615167491437537,4602936391457504315,4589685667983835868,4592892679484546304,13809633162281675741,4636737291354636288,0,4636754784754246236,4598102430290620416,4612056766866432225,13809633162281675741
0,0,4590628091402605311,4607182418800017408,4721067015706509312,4725570615333879808,4607182418800017408,4629137466983448576,4615953894891570269,13827638962698008348,4589303541971803123,4591889544605411715,13806949898108047359,4636737291354636288,4613937263025580316,4636543171113341734,4613378862400575008,4607828884154637434,13806949898108047359
0,4607182418800017408,4590628091402605311,4607182418800017408,4721067015706509312,4725570615333879808,4607182418800017408,4629137466983448576,4616046423023475102,13827724781760368982,4589455933580078486,4591894338440988288,13807241266200228194,4636737291354636288,4613937263025580316,4636543171113341734,4613378862400575008,4608013940418447100,13807241266200228194
4607182418800017408,0,4590628091402605311,4607182418800017408,4721067015706509312,4725570615333879808,4607182418800017408,4629137466983448576,4607828884154637452,4599502605831475657,4589303541971803123,4591889544605411715,13808674748867864068,4636737291354636288,4613937263025580316,4636543171113341734,0,4607828884154637452,13808674748867864068
4607182418800017408,4607182418800017408,4590628091402605311,4607182418800017408,4721067015706509312,4725570615333879808,4607182418800017408,4629137466983448576,4607845480104379949,4599501057378391705,4589314949485929109,4592009697841501952,13808686381270145395,4636737291354636288,4613937263025580316,4636543171113341734,0,4607845480104379949,13808686381270145395
0,0,4590628091402605311,4629137466983448576,4747643178385932288,4747733775352332288,4629137466983448576,4629137466983448576,4615942648163528951,13827634677596805078,4589305994010240459,4591894464647527771,13806957506195984628,4636737291354636288,4613920627762954450,4636543692257630797,4613362227137949152,4607839661223806510,13806957506195984628
0,4607182418800017408,4590628091402605311,4629137466983448576,4747643178385932288,4747733775352332288,4629137466983448576,4629137466983448576,4615951490238074880,13827635524259075817,4589317222448884962,4592009582091810688,13806980277637819145,4636737291354636288,4613920627762954450,4636543692257630797,4613362227137949152,4607857345372898368,13806980277637819145
4607182418800017408,0,4590628091402605311,4629137466983448576,4747643178385932288,4747733775352332288,4629137466983448576,4629137466983448576,4607839661223806501,4599511176033882197,4589305994010240459,4591894464647527771,13808678552911832702,4636737291354636288,4613920627762954450,4636543692257630797,0,4607839661223806501,13808678552911832702
4607182418800017408,4607182418800017408,4590628091402605311,4629137466983448576,4747643178385932288,4747733775352332288,4629137466983448576,4629137466983448576,4612458216948820609,4602939598450587154,4589840239445135738,4592645944393983616,13809450642421140516,4636737291354636288,4613920627762954450,4636543692257630797,0,4612458216948820609,13809450642421140516
0,0,4590628091402605311,4629418941960159232,4747824372318732288,4747914969285132288,4629418941960159232,4629137466983448576,4612069675342257683,13825534423515855298,4589647750673354606,4592913083351264282,13808410036163662307,4636737291354636288,0,4636754784754246236,0,4612069675342257683,13808410036163662307
0,4607182418800017408,4590628091402605311,4629418941960159232,4747824372318732288,4747914969285132288,4629418941960159232,4629137466983448576,4612096671931307698,13825624548588890832,4589770218954080964,4592883925347688576,13808538169143345576,4636737291354636288,0,4636754784754246236,0,4612096671931307698,13808538169143345576
4607182418800017408,0,4590628091402605311,4629418941960159232,4747824372318732288,4747914969285132288,4629418941960159232,4629137466983448576,4612628075967262986,4602937035428430623,4589647750673354606,4592913083351264282,13809591607218532327,4636737291354636288,0,4636754784754246236,4598102430290620416,4612069675342257674,13809591607218532327
4607182418800017408,4607182418800017408,4590628091402605311,4629418941960159232,4747824372318732288,4747914969285132288,4629418941960159232,4629137466983448576,4612615167491437537,4602936391457504315,4589685667983835868,4592892679484546304,13809633162281675741,4636737291354636288,0,4636754784754246236,4598102430290620416,4612056766866432225,13809633162281675741
0,0,4590537608122420698,0,13948701060278255616,0,0,4629137466983448576,4612034597704040036,13825538349543760404,4589686188002842636,4592850589340173793,13808452085632678380,4636737291354636288,0,4636754519012518830,0,4612034597704040036,13808452085632678380
0,4607182418800017408,4590537608122420698,0,13948701060278255616,0,0,4629137466983448576,4612061021151108618,13825627612373613219,4589808716465330581,4592821702252569280,13808580344467389978,4636737291354636288,0,4636754519012518830,0,4612061021151108618,13808580344467389978
4607182418800017408,0,4590537608122420698,0,13948701060278255616,0,0,4629137466983448576,4612584536397783314,4602935072414478070,4589686188002842636,4592850589340173793,13809633701199625177,4636737291354636288,0,4636754519012518830,4597967039390427648,4612034597704040050,13809633701199625177
4607182418800017408,4607182418800017408,4590537608122420698,0,13948701060278255616,0,0,4629137466983448576,4612571726005202603,4602934433312754107,4589724395500441098,4592830337172592384,13809675574145887108,4636737291354636288,0,4636754519012518830,4597967039390427648,4612021787311459339,13809675574145887108
0,0,4590537608122420698,4607182418800017408,4704985352480227328,4725570615333879808,4607182418800017408,4629137466983448576,4615925444761448927,13827653865784479021,4589329244848591833,4591819345202463222,13806999401224029372,4636737291354636288,4613937263025580316,4636542913343210924,4613387324331837056,4607755060031870654,13806999401224029372
0,4607182418800017408,4590537608122420698,4607182418800017408,4704985352480227328,4725570615333879808,4607182418800017408,4629137466983448576,4616016364574643557,13827739493505401319,4589482107980385389,4591837915588696224,13807291807933223059,4636737291354636288,4613937263025580316,4636542913343210924,4613387324331837056,4607936899658259914,13807291807933223059
4607182418800017408,0,4590537608122420698,4607182418800017408,4704985352480227328,4725570615333879808,4607182418800017408,4629137466983448576,4607755060031870763,4599472799658534310,4589329244848591833,4591819345202463222,13808699544937931850,4636737291354636288,4613937263025580316,4636542913343210924,0,4607755060031870763,13808699544937931850
4607182418800017408,4607182418800017408,4590537608122420698,4607182418800017408,4704985352480227328,4725570615333879808,4607182418800017408,4629137466983448576,4607770366178386409,4599470782525327789,4589341089600454488,4591954044536866368,13808711601478815484,4636737291354636288,4613937263025580316,4636542913343210924,0,4607770366178386409,13808711601478815484
0,0,4590537608122420698,4629137466983448576,4747560131166732288,4747733775352332288,4629137466983448576,4629137466983448576,4615914170533439521,13827649556918536966,4589331760789744847,4591824294629982497,13807007155253200959,4636737291354636288,4613920627762954450,4636543434467868208,4613370689069211200,4607765782101103554,13807007155253200959
0,4607182418800017408,4590537608122420698,4629137466983448576,4747560131166732288,4747733775352332288,4629137466983448576,4629137466983448576,4615922391992753616,13827650629426380732,4589343404245807566,4591953929695511136,13807030731809660894,4636737291354636288,4613920627762954450,4636543434467868208,4613370689069211200,4607782225019731744,13807030731809660894
4607182418800017408,0,4590537608122420698,4629137466983448576,4747560131166732288,4747733775352332288,4629137466983448576,4629137466983448576,4607765782101103548,4599481417390418419,4589331760789744847,4591824294629982497,13808703421952517644,4636737291354636288,4613920627762954450,4636543434467868208,0,4607765782101103548,13808703421952517644
4607182418800017408,4607182418800017408,4590537608122420698,4629137466983448576,4747560131166732288,4747733775352332288,4629137466983448576,4629137466983448576,4612415989643422625,4602937615918078934,4589880164193394413,4592585478968490816,13809491784995898536,4636737291354636288,4613920627762954450,4636543434467868208,0,4612415989643422625,13809491784995898536
0,0,4590537608122420698,4629418941960159232,4747741325099532288,4747914969285132288,4629418941960159232,4629137466983448576,4612034597704040036,13825538349543760404,4589686188002842636,4592850589340173793,13808452085632678380,4636737291354636288,0,4636754519012518830,0,4612034597704040036,13808452085632678380
0,4607182418800017408,4590537608122420698,4629418941960159232,4747741325099532288,4747914969285132288,4629418941960159232,4629137466983448576,4612061021151108618,13825627612373613219,4589808716465330581,4592821702252569280,13808580344467389978,4636737291354636288,0,4636754519012518830,0,4612061021151108618,13808580344467389978
4607182418800017408,0,4590537608122420698,4629418941960159232,4747741325099532288,4747914969285132288,4629418941960159232,4629137466983448576,4612584536397783314,4602935072414478070,4589686188002842636,4592850589340173793,13809633701199625177,4636737291354636288,0,4636754519012518830,4597967039390427648,4612034597704040050,13809633701199625177
4607182418800017408,4607182418800017408,4590537608122420698,4629418941960159232,4747741325099532288,4747914969285132288,4629418941960159232,4629137466983448576,4612571726005202603,4602934433312754107,4589724395500441098,4592830337172592384,13809675574145887108,4636737291354636288,0,4636754519012518830,4597967039390427648,4612021787311459339,13809675574145887108
